category,ignore,category_meli
VARIOS -> ACCESORIOS,,
VARIOS -> ESPECIALES,,
VARIOS -> AMINOÁCIDOS,,
VARIOS -> OFERTAS Y PROMOCIONES,,
VARIOS -> SHAKERS,,
BCAA S -> BCAA S,,
VARIOS -> PRODUCTOS EN REMATE,,
GANADORES DE MASA MUSCULAR -> GANADORES DE MASA MUSCULAR,,
QUEMA GRASAS -> TERMOGENICOS,,
PRE-ENTRENOS -> OXIDO NITRICO,,
VARIOS -> PARA ELLAS,,
PROMOTORES -> PRO-TESTOTERONA,,
VITAMINAS & MINERALES -> VARIOS,,
VARIOS -> ACIDOS GRASOS,,
QUEMA GRASAS -> CARNITINA,,
PROTEÍNAS -> ISO AISLADOS DE SUERO,,
POST-ENTRENOS -> GLUTAMINA,,
PROTEÍNAS -> FORMULAS AVANZADAS DE SUERO,,
PROTEÍNAS -> BAJAS CALORIAS,,
VITAMINAS & MINERALES -> VITAMINAS,,
PROTEÍNAS -> CONSTRUCTOR MUSCULAR,,
VARIOS -> QUEMADORES,,
VARIOS -> ALTO RENDIMIENTO,,
VARIOS -> CLA,,
VARIOS -> PROTEÍNAS,,
PROMOTORES -> CONSTRUCTOR MUSCULAR,,
VARIOS -> OMEGA 3-6-9,,
VITAMINAS & MINERALES -> SALUD ARTICULAR,,
CREATINAS -> MONOHIDRATO,,
PROTEÍNAS -> OTRAS FORMULAS,,
PROTEÍNAS -> LIBERACIÓN SOSTENIDA,,
PRE-ENTRENOS -> POLVOS,,
VARIOS -> GUANTES Y CINTURONES,,
VARIOS -> PARA LA PIEL,,
VARIOS -> BARRAS,,
PRE-ENTRENOS -> CONCENTRADOS,,
PRE-ENTRENOS -> CAPSULAS,,
QUEMA GRASAS -> INHIBIDORES,,
PROTEÍNAS -> CASEINA,,
PROTEÍNAS -> DE CARNE,,
PROMOTORES -> PRO-H. CRECIMIENTO,,
VARIOS -> AMINO ESPECIFICOS,,
VARIOS -> INTRA-ENTRENAMIENTO,,
VITAMINAS & MINERALES -> ANTIOXIDANTES,,
QUEMA GRASAS -> LIPOTROPICOS,,
QUEMA GRASAS -> DIURETICOS,,
CREATINAS -> OTRAS FORMULAS,,
VARIOS -> AMINO LIQUIDOS,,
VARIOS -> HIDROLIZADOS & ESENCIALES,,
VARIOS -> MCT,,
CREATINAS -> ETHYL ESTER,,
VARIOS -> SUPLEMENTOS ALIMENTICIOS RAYMEX,,
VARIOS -> FIBRA DIETETICA,,
PROTEÍNAS -> DE SOYA,,
QUEMA GRASAS -> CREMAS,,
